{
  "decision": "CAUTION",
  "recommendation": "Gaussian PSF \u8fd1\u4f3c\u5728\u90e8\u5206\u914d\u7f6e\u4e0b\u8bef\u5dee\u8f83\u5927\u3002\u5efa\u8bae\uff1a\u542f\u7528 PSF + \u8f7b\u91cf\u6b8b\u5dee\u7f51\u7edc\u8865\u507f\u65b9\u6848\u3002",
  "configs": {
    "C01": {
      "ncc_mcx_gauss": 0.9982471165695191,
      "fwhm_ratio": 1.111111111111111,
      "verdict": "GO"
    },
    "C02": {
      "ncc_mcx_gauss": 0.9992457463842338,
      "fwhm_ratio": 1.0714285714285714,
      "verdict": "GO"
    },
    "C03": {
      "ncc_mcx_gauss": 0.9996724697495459,
      "fwhm_ratio": 1.0526315789473684,
      "verdict": "GO"
    },
    "C04": {
      "ncc_mcx_gauss": 0.9994919868704222,
      "fwhm_ratio": 1.0769230769230769,
      "verdict": "GO"
    },
    "C05": {
      "ncc_mcx_gauss": 0.9997677699710998,
      "fwhm_ratio": 1.0,
      "verdict": "GO"
    },
    "C06": {
      "ncc_mcx_gauss": 0.9972299484339455,
      "fwhm_ratio": 1.24390243902439,
      "verdict": "CAUTION"
    },
    "C07": {
      "ncc_mcx_gauss": 0.9939642033046521,
      "fwhm_ratio": 0.9032258064516129,
      "verdict": "INFO"
    },
    "C08": {
      "ncc_mcx_gauss": 0.9970382401893173,
      "fwhm_ratio": 0.9302325581395349,
      "verdict": "INFO"
    },
    "C09": {
      "ncc_mcx_gauss": 0.9978251064650342,
      "fwhm_ratio": 1.1521739130434783,
      "verdict": "INFO"
    }
  },
  "metrics": {
    "C01": {
      "ncc_mcx_semi": 0.9998986619300586,
      "ncc_mcx_gauss": 0.9982471165695191,
      "ncc_semi_gauss": 0.9985020306353353,
      "fwhm_mcx": 2.164328657314629,
      "fwhm_semi": 2.224448897795591,
      "fwhm_gauss": 2.4048096192384767,
      "fwhm_ratio_mcx_semi": 1.0277777777777777,
      "fwhm_ratio_mcx_gauss": 1.111111111111111,
      "peak_ratio_mcx_semi": 4.1244674734498345e-09,
      "peak_ratio_mcx_gauss": 3.978647838483915e-09,
      "rmse_semi": 0.005624945296084841,
      "rmse_gauss": 0.018708597821146377,
      "depth_mm": 1.5,
      "tissue_type": "muscle"
    },
    "C02": {
      "ncc_mcx_semi": 0.9999623238337699,
      "ncc_mcx_gauss": 0.9992457463842338,
      "ncc_semi_gauss": 0.9993813640055538,
      "fwhm_mcx": 3.3667334669338675,
      "fwhm_semi": 3.4268537074148293,
      "fwhm_gauss": 3.6072144288577155,
      "fwhm_ratio_mcx_semi": 1.0178571428571428,
      "fwhm_ratio_mcx_gauss": 1.0714285714285714,
      "peak_ratio_mcx_semi": 4.167364134298888e-09,
      "peak_ratio_mcx_gauss": 4.076664928904043e-09,
      "rmse_semi": 0.004928675482971711,
      "rmse_gauss": 0.015093813617671903,
      "depth_mm": 3.0,
      "tissue_type": "muscle"
    },
    "C03": {
      "ncc_mcx_semi": 0.9999843320076168,
      "ncc_mcx_gauss": 0.9996724697495459,
      "ncc_semi_gauss": 0.999705883944926,
      "fwhm_mcx": 4.569138276553106,
      "fwhm_semi": 4.629258517034068,
      "fwhm_gauss": 4.809619238476953,
      "fwhm_ratio_mcx_semi": 1.013157894736842,
      "fwhm_ratio_mcx_gauss": 1.0526315789473684,
      "peak_ratio_mcx_semi": 4.137819814882403e-09,
      "peak_ratio_mcx_gauss": 4.077798126015435e-09,
      "rmse_semi": 0.008035803866436335,
      "rmse_gauss": 0.015118789690807422,
      "depth_mm": 5.0,
      "tissue_type": "muscle"
    },
    "C04": {
      "ncc_mcx_semi": 0.9999676544845819,
      "ncc_mcx_gauss": 0.9994919868704222,
      "ncc_semi_gauss": 0.9995957762582695,
      "fwhm_mcx": 1.56312625250501,
      "fwhm_semi": 1.6232464929859718,
      "fwhm_gauss": 1.6833667334669338,
      "fwhm_ratio_mcx_semi": 1.0384615384615383,
      "fwhm_ratio_mcx_gauss": 1.0769230769230769,
      "peak_ratio_mcx_semi": 3.734432197993972e-09,
      "peak_ratio_mcx_gauss": 3.6684918754652814e-09,
      "rmse_semi": 0.003882974971535191,
      "rmse_gauss": 0.009428596669366292,
      "depth_mm": 1.5,
      "tissue_type": "liver"
    },
    "C05": {
      "ncc_mcx_semi": 0.9999735616326317,
      "ncc_mcx_gauss": 0.9997677699710998,
      "ncc_semi_gauss": 0.9998322422513204,
      "fwhm_mcx": 2.344689378757515,
      "fwhm_semi": 2.344689378757515,
      "fwhm_gauss": 2.344689378757515,
      "fwhm_ratio_mcx_semi": 1.0,
      "fwhm_ratio_mcx_gauss": 1.0,
      "peak_ratio_mcx_semi": 3.614433209852309e-09,
      "peak_ratio_mcx_gauss": 3.614433209852309e-09,
      "rmse_semi": 0.005562615649843411,
      "rmse_gauss": 0.007982781991658252,
      "depth_mm": 3.0,
      "tissue_type": "liver"
    },
    "C06": {
      "ncc_mcx_semi": 0.9974683252206323,
      "ncc_mcx_gauss": 0.9972299484339455,
      "ncc_semi_gauss": 0.9999068644490132,
      "fwhm_mcx": 2.464929859719439,
      "fwhm_semi": 3.066132264529058,
      "fwhm_gauss": 3.066132264529058,
      "fwhm_ratio_mcx_semi": 1.24390243902439,
      "fwhm_ratio_mcx_gauss": 1.24390243902439,
      "peak_ratio_mcx_semi": 2.749311834166161e-09,
      "peak_ratio_mcx_gauss": 2.749311834166161e-09,
      "rmse_semi": 0.0610255123852185,
      "rmse_gauss": 0.06112752788358903,
      "depth_mm": 5.0,
      "tissue_type": "liver"
    },
    "C07": {
      "ncc_mcx_semi": 0.9949243939469671,
      "ncc_mcx_gauss": 0.9939642033046521,
      "ncc_semi_gauss": 0.9995570642317617,
      "fwhm_mcx": 1.8637274549098195,
      "fwhm_semi": 1.6232464929859718,
      "fwhm_gauss": 1.6833667334669338,
      "fwhm_ratio_mcx_semi": 0.8709677419354839,
      "fwhm_ratio_mcx_gauss": 0.9032258064516129,
      "peak_ratio_mcx_semi": 1.4591902503017128e-09,
      "peak_ratio_mcx_gauss": 1.4321483332468639e-09,
      "rmse_semi": 0.024361966046117477,
      "rmse_gauss": 0.02482072007801772,
      "depth_mm": 1.5,
      "tissue_type": "bilayer"
    },
    "C08": {
      "ncc_mcx_semi": 0.998032178443977,
      "ncc_mcx_gauss": 0.9970382401893173,
      "ncc_semi_gauss": 0.99980750993805,
      "fwhm_mcx": 2.5851703406813624,
      "fwhm_semi": 2.4048096192384767,
      "fwhm_gauss": 2.4048096192384767,
      "fwhm_ratio_mcx_semi": 0.9302325581395349,
      "fwhm_ratio_mcx_gauss": 0.9302325581395349,
      "peak_ratio_mcx_semi": 1.5013945560279448e-09,
      "peak_ratio_mcx_gauss": 1.5013945560279448e-09,
      "rmse_semi": 0.015467321724225653,
      "rmse_gauss": 0.019044384307342007,
      "depth_mm": 3.0,
      "tissue_type": "bilayer"
    },
    "C09": {
      "ncc_mcx_semi": 0.9981497808949144,
      "ncc_mcx_gauss": 0.9978251064650342,
      "ncc_semi_gauss": 0.9999382428284374,
      "fwhm_mcx": 2.7655310621242486,
      "fwhm_semi": 3.186372745490982,
      "fwhm_gauss": 3.186372745490982,
      "fwhm_ratio_mcx_semi": 1.1521739130434783,
      "fwhm_ratio_mcx_gauss": 1.1521739130434783,
      "peak_ratio_mcx_semi": 1.484069441115901e-09,
      "peak_ratio_mcx_gauss": 1.484069441115901e-09,
      "rmse_semi": 0.04878666536096335,
      "rmse_gauss": 0.050606857237191744,
      "depth_mm": 5.0,
      "tissue_type": "bilayer"
    }
  }
}