{
  "decision": "NOGO",
  "configs": {
    "M01": {
      "position_error_mm": 0.06390974770828359,
      "sigma_final": 0.25257450342178345,
      "final_loss": 5.313552264851751e-06,
      "verdict": "GO"
    },
    "M02": {
      "position_error_mm": 1.243129171675974,
      "sigma_final": 1.0245671272277832,
      "final_loss": 1.713083838694729e-05,
      "verdict": "NOGO"
    },
    "M03": {
      "position_error_mm": 1.7778086089262253,
      "sigma_final": 0.36696791648864746,
      "final_loss": 0.0009220438078045845,
      "verdict": "NOGO"
    },
    "M04": {
      "position_error_mm": 0.5040148100360362,
      "sigma_final": 0.40812695026397705,
      "final_loss": 1.619704789845855e-06,
      "verdict": "CAUTION"
    },
    "M05": {
      "position_error_mm": 1.4610909307313171,
      "sigma_final": 0.7159558534622192,
      "final_loss": 6.612012839468662e-07,
      "verdict": "NOGO"
    }
  },
  "full_results": {
    "M01": {
      "config_id": "M01",
      "center_final": [
        0.03383152186870575,
        -0.04997554421424866,
        2.021031618118286
      ],
      "center_gt": [
        0.0,
        0.0,
        2.0
      ],
      "sigma_final": 0.25257450342178345,
      "position_error_mm": 0.06390974770828359,
      "final_loss": 5.313552264851751e-06,
      "verdict": "GO"
    },
    "M02": {
      "config_id": "M02",
      "center_final": [
        1.091843843460083,
        -0.0500616729259491,
        3.407766103744507
      ],
      "center_gt": [
        0.0,
        0.0,
        4.0
      ],
      "sigma_final": 1.0245671272277832,
      "position_error_mm": 1.243129171675974,
      "final_loss": 1.713083838694729e-05,
      "verdict": "NOGO"
    },
    "M03": {
      "config_id": "M03",
      "center_final": [
        2.3995063304901123,
        2.9515998363494873,
        3.6726231575012207
      ],
      "center_gt": [
        3.0,
        3.0,
        2.0
      ],
      "sigma_final": 0.36696791648864746,
      "position_error_mm": 1.7778086089262253,
      "final_loss": 0.0009220438078045845,
      "verdict": "NOGO"
    },
    "M04": {
      "config_id": "M04",
      "center_final": [
        0.4554956257343292,
        -0.04999246820807457,
        1.790106177330017
      ],
      "center_gt": [
        0.0,
        0.0,
        2.0
      ],
      "sigma_final": 0.40812695026397705,
      "position_error_mm": 0.5040148100360362,
      "final_loss": 1.619704789845855e-06,
      "verdict": "CAUTION"
    },
    "M05": {
      "config_id": "M05",
      "center_final": [
        1.2882399559020996,
        -0.04973786696791649,
        3.3124313354492188
      ],
      "center_gt": [
        0.0,
        0.0,
        4.0
      ],
      "sigma_final": 0.7159558534622192,
      "position_error_mm": 1.4610909307313171,
      "final_loss": 6.612012839468662e-07,
      "verdict": "NOGO"
    }
  }
}