{
  "C01": {
    "config_id": "C01",
    "depth_mm": 1.5,
    "tissue_type": "muscle",
    "tissue_params": {
      "mu_a": 0.087,
      "mu_sp": 4.291,
      "n": 1.37,
      "D": 0.07613826709304096,
      "mu_eff": 1.0689518230491026,
      "z_b": 0.4484198531357402
    },
    "sigma_psf": 1.0083200709637163,
    "T_peak": 0.10279010159768953,
    "fwhm_semi": 2.224448897795591,
    "fwhm_gauss": 2.4048096192384767,
    "ncc_inf_semi": 0.9981618482158928,
    "ncc_semi_gauss": 0.9985020306353357
  },
  "C02": {
    "config_id": "C02",
    "depth_mm": 3.0,
    "tissue_type": "muscle",
    "tissue_params": {
      "mu_a": 0.087,
      "mu_sp": 4.291,
      "n": 1.37,
      "D": 0.07613826709304096,
      "mu_eff": 1.0689518230491026,
      "z_b": 0.4484198531357402
    },
    "sigma_psf": 1.517130873385982,
    "T_peak": 0.009724770041282586,
    "fwhm_semi": 3.4268537074148293,
    "fwhm_gauss": 3.6072144288577155,
    "ncc_inf_semi": 0.9990854031354119,
    "ncc_semi_gauss": 0.999381364005554
  },
  "C03": {
    "config_id": "C03",
    "depth_mm": 5.0,
    "tissue_type": "muscle",
    "tissue_params": {
      "mu_a": 0.087,
      "mu_sp": 4.291,
      "n": 1.37,
      "D": 0.07613826709304096,
      "mu_eff": 1.0689518230491026,
      "z_b": 0.4484198531357402
    },
    "sigma_psf": 2.024878824874568,
    "T_peak": 0.0006636186369819017,
    "fwhm_semi": 4.629258517034068,
    "fwhm_gauss": 4.809619238476953,
    "ncc_inf_semi": 0.999536517222719,
    "ncc_semi_gauss": 0.9997058839449265
  },
  "C04": {
    "config_id": "C04",
    "depth_mm": 1.5,
    "tissue_type": "liver",
    "tissue_params": {
      "mu_a": 0.352,
      "mu_sp": 6.781,
      "n": 1.37,
      "D": 0.046731155661479507,
      "mu_eff": 2.744530560952091,
      "z_b": 0.275225307308043
    },
    "sigma_psf": 0.6942918776192415,
    "T_peak": 0.01523922156975438,
    "fwhm_semi": 1.6232464929859718,
    "fwhm_gauss": 1.6833667334669338,
    "ncc_inf_semi": 0.99973020141747,
    "ncc_semi_gauss": 0.9995957762582696
  },
  "C05": {
    "config_id": "C05",
    "depth_mm": 3.0,
    "tissue_type": "liver",
    "tissue_params": {
      "mu_a": 0.352,
      "mu_sp": 6.781,
      "n": 1.37,
      "D": 0.046731155661479507,
      "mu_eff": 2.744530560952091,
      "z_b": 0.275225307308043
    },
    "sigma_psf": 0.9956979021412647,
    "T_peak": 0.0001226318312374431,
    "fwhm_semi": 2.344689378757515,
    "fwhm_gauss": 2.344689378757515,
    "ncc_inf_semi": 0.9998945524500225,
    "ncc_semi_gauss": 0.9998322422513208
  },
  "C06": {
    "config_id": "C06",
    "depth_mm": 5.0,
    "tissue_type": "liver",
    "tissue_params": {
      "mu_a": 0.352,
      "mu_sp": 6.781,
      "n": 1.37,
      "D": 0.046731155661479507,
      "mu_eff": 2.744530560952091,
      "z_b": 0.275225307308043
    },
    "sigma_psf": 1.3020664874155001,
    "T_peak": 2.993996643997031e-07,
    "fwhm_semi": 3.066132264529058,
    "fwhm_gauss": 3.066132264529058,
    "ncc_inf_semi": 0.9999531539027318,
    "ncc_semi_gauss": 0.9999068644490132
  },
  "C07": {
    "config_id": "C07",
    "depth_mm": 1.5,
    "tissue_type": "bilayer",
    "tissue_params": {
      "mu_a": 0.3255,
      "mu_sp": 6.531999999999999,
      "n": 1.37,
      "D": 0.04860857941426662,
      "mu_eff": 2.5877304245226163,
      "z_b": 0.2862824815207103
    },
    "sigma_psf": 0.7123318942644975,
    "T_peak": 0.018452841729539197,
    "fwhm_semi": 1.6232464929859718,
    "fwhm_gauss": 1.6833667334669338,
    "ncc_inf_semi": 0.9996963103580598,
    "ncc_semi_gauss": 0.9995570642317617
  },
  "C08": {
    "config_id": "C08",
    "depth_mm": 3.0,
    "tissue_type": "bilayer",
    "tissue_params": {
      "mu_a": 0.3255,
      "mu_sp": 6.531999999999999,
      "n": 1.37,
      "D": 0.04860857941426662,
      "mu_eff": 2.5877304245226163,
      "z_b": 0.2862824815207103
    },
    "sigma_psf": 1.0212286175807843,
    "T_peak": 0.0001877062593267436,
    "fwhm_semi": 2.4048096192384767,
    "fwhm_gauss": 2.4048096192384767,
    "ncc_inf_semi": 0.999879514166694,
    "ncc_semi_gauss": 0.9998075099380506
  },
  "C09": {
    "config_id": "C09",
    "depth_mm": 5.0,
    "tissue_type": "bilayer",
    "tissue_params": {
      "mu_a": 0.3255,
      "mu_sp": 6.531999999999999,
      "n": 1.37,
      "D": 0.04860857941426662,
      "mu_eff": 2.5877304245226163,
      "z_b": 0.2862824815207103
    },
    "sigma_psf": 1.3531279182945393,
    "T_peak": 6.264442891371589e-07,
    "fwhm_semi": 3.186372745490982,
    "fwhm_gauss": 3.186372745490982,
    "ncc_inf_semi": 0.9999460550682489,
    "ncc_semi_gauss": 0.9999382428284377
  }
}