{
  "config_id": "S2-Vol-P2-left-r2.0",
  "source_pos": [
    -8.0,
    2.4,
    1.0
  ],
  "source_radius_mm": 2.0,
  "sampling_scheme": "7-point",
  "best_angle": 90.0,
  "ncc": 0.8973687646585312,
  "rmse": 148.07005310058594,
  "n_source_voxels": 498
}