{
  "Domain": {
    "VolumeFile": "volume.bin",
    "Dim": [
      300,
      300,
      200
    ],
    "OriginType": 1,
    "LengthUnit": 0.1,
    "Media": [
      {
        "mua": 0.0,
        "mus": 0.0,
        "g": 1.0,
        "n": 1.0
      },
      {
        "mua": 0.087,
        "mus": 42.91000000000001,
        "g": 0.9,
        "n": 1.37
      }
    ]
  },
  "Session": {
    "Photons": 100000000,
    "RNGSeed": 12345,
    "ID": "view_030"
  },
  "Forward": {
    "T0": 0.0,
    "T1": 5e-09,
    "DT": 5e-09
  },
  "Optode": {
    "Source": {
      "Pos": [
        165.98076211353316,
        180.0,
        32.32050807568877
      ],
      "Dir": [
        0,
        0,
        1,
        "_NaN_"
      ],
      "Type": "isotropic"
    }
  }
}